Duration,x^0,x^1,x^2,x^3,x^4,x^5,x^6,x^7,y^0,y^1,y^2,y^3,y^4,y^5,y^6,y^7,z^0,z^1,z^2,z^3,z^4,z^5,z^6,z^7,yaw^0,yaw^1,yaw^2,yaw^3,yaw^4,yaw^5,yaw^6,yaw^7
10.8236,0,0,0,0,-0.000950111,0.00017979,-1.24428e-05,3.06749e-07,0,0,0,0,-0.00196027,0.000373526,-2.57451e-05,6.21208e-07,1,0,0,0,-5.3379e-20,1.2231e-20,-9.40169e-22,2.45558e-23,0,0,0,0,0,0,0,0
8.844,-1,-0.119165,0.0072513,0.00128885,-0.00113763,0.00030993,-3.01562e-05,9.96241e-07,-2,-0.265064,-0.0037358,-0.00177473,0.000713592,-4.55839e-05,-1.34173e-06,1.43401e-07,1,6.98744e-18,6.22161e-19,-2.95053e-20,2.70723e-19,-7.72061e-20,7.38451e-21,-2.39252e-22,0,0,0,0,0,0,0,0
9.3126,-1,0.191402,0.0160934,-0.000430427,-0.000216681,8.09557e-06,6.95134e-07,-3.64267e-08,-4,-0.122691,0.00854842,-4.2073e-05,-0.000465906,0.000163494,-1.65978e-05,5.4561e-07,1,-1.66968e-17,-1.20957e-18,1.23925e-19,-5.90522e-19,1.5983e-19,-9.52415e-22,2.22618e-23,0,0,0,0,0,0,0,0
9.07301,1,0.109415,-0.0184548,0.000158221,0.000128047,-1.46876e-05,1.16926e-06,-4.1222e-08,-4,0.184748,0.0153703,-7.98598e-05,-0.000587106,9.02372e-05,-5.5173e-06,1.23755e-07,1,4.25109e-17,2.83455e-18,-3.31556e-19,7.04774e-19,-2.20301e-19,1.3724e-20,-4.47637e-22,0,0,0,0,0,0,0,0
23.75,1,-0.0311242,0.0050258,0.000403709,0.000142175,-1.57287e-05,5.39845e-07,-6.28061e-09,-2,0.195311,-0.00385006,-0.000168257,-2.70097e-05,3.84394e-06,-1.31548e-07,1.3942e-09,1,-1.08337e-16,-9.8858e-18,2.88302e-20,-3.29679e-20,9.98305e-21,-4.59292e-22,6.9306e-24,0,0,0,0,0,0,0,0
6.32271,5,0.0734404,-0.0123593,-0.000108494,0.000231963,-5.46245e-05,4.41559e-06,-1.08163e-07,1,0.182688,0.0011299,-0.000772008,-0.000193248,6.74494e-05,-8.09936e-06,3.45652e-07,1,2.56598e-16,-2.20592e-17,-2.6379e-18,-1.76643e-18,3.95798e-19,-1.02776e-20,4.98357e-21,0,0,0,0,0,0,0,0
30.9647,5,-0.0784886,-0.0139491,0.000192685,-1.68926e-05,2.72131e-06,-9.61714e-08,1.02289e-09,2,0.111512,-0.0101928,-0.00030551,-5.49064e-06,2.58201e-06,-9.23811e-08,9.66041e-10,1,-2.84355e-16,-3.2694e-17,4.26428e-18,-2.03288e-20,-9.31736e-21,3.17637e-22,-3.10193e-24,0,0,0,0,0,0,0,0
